date,amount_krw,category,evidence
2021-06-03,1200,event_package,screenshot
2021-09-20,2500,growth_package,screenshot
2021-11-05,5900,event_package,screenshot
2021-12-30,5900,kingdom_pass,screenshot
2022-01-02,2500,event_package,screenshot
2022-01-18,12000,new_cookie_package,screenshot
2022-01-18,7500,new_cookie_package,screenshot
2022-01-18,7500,new_cookie_package,screenshot
2022-01-18,8900,growth_package,screenshot
2022-01-19,7500,new_cookie_package,screenshot
2022-01-22,1200,anniversary_package,screenshot
2022-02-26,5900,kingdom_pass,screenshot
2022-03-24,5900,kingdom_pass,screenshot
2022-03-29,3900,event_package,screenshot
2022-03-31,4900,starter_package,screenshot
2022-04-02,2500,event_package,screenshot
2022-04-18,5900,event_package,screenshot
2022-04-19,8900,growth_package,screenshot
2022-04-22,5900,kingdom_pass,screenshot
2022-05-03,5900,attendance_package,screenshot
2022-05-06,7500,new_cookie_package,screenshot
2022-05-15,2500,event_package,screenshot
2022-05-20,5900,kingdom_pass,screenshot
2022-05-27,1200,new_content_package,screenshot
2022-06-02,3900,event_package,screenshot
2022-07-13,2500,new_content_package,screenshot
2022-07-16,5900,kingdom_pass,screenshot
2022-07-29,1200,event_package,screenshot
2022-07-29,2500,event_package,screenshot
2022-10-07,5900,kingdom_pass,screenshot
2022-10-12,7500,event_package,screenshot
2022-10-14,3000,event_package,screenshot
